Category,URL,Path,Slug,Title,Topic_Category,Target_Area_Outcodes,Date_Published,Date_Modified,Reading_Time,PPM_Range,Hardness_Classification
Guide Article,https://waterhardness.uk/guides/does-bristol-have-hard-water,/guides/does-bristol-have-hard-water,does-bristol-have-hard-water,Bristol Water Hardness: Is Tap Water Hard or Soft? (260 PPM),Regional Hardness,"BS1, BS3, BS5, BS8, BS16",2025-02-14T08:00:00Z,2026-10-07T08:00:00Z,6 min read,220 – 290 PPM (mg/L CaCO3),Hard to Very Hard
Guide Article,https://waterhardness.uk/guides/thames-water-hardness,/guides/thames-water-hardness,thames-water-hardness,Is Thames Water Hard? (Yes - 260-320 PPM),Regional Hardness,"SW1A, EC1A, W1A, SE1, E1",2025-01-20T08:00:00Z,2026-08-16T11:00:00Z,7 min read,260 – 320+ PPM (mg/L CaCO3),Hard to Very Hard
Guide Article,https://waterhardness.uk/guides/does-scotland-have-hard-water,/guides/does-scotland-have-hard-water,does-scotland-have-hard-water,Is Scottish Water Hard or Soft? (Naturally Soft),Regional Hardness,"EH1, G1, AB10, DD1, FK1",2025-01-10T08:00:00Z,2026-08-14T09:15:00Z,5 min read,20 – 60 PPM (mg/L CaCO3),Naturally Soft to Ultra-Soft
Guide Article,https://waterhardness.uk/guides/does-birmingham-have-hard-water,/guides/does-birmingham-have-hard-water,does-birmingham-have-hard-water,Birmingham Water Hardness: Is Tap Water Hard or Soft? (40 PPM),Regional Hardness,"B1, B2, B15, B29, B73",2025-01-28T08:00:00Z,2026-10-09T08:00:00Z,6 min read,40 – 80 PPM (mg/L CaCO3),Naturally Soft
Guide Article,https://waterhardness.uk/guides/manchester-water-hardness,/guides/manchester-water-hardness,manchester-water-hardness,Is Manchester Water Hard or Soft? (Soft - 35 PPM),Regional Hardness,"M1, M2, M4, M14, M20",2025-02-05T08:00:00Z,2026-08-15T14:20:00Z,5 min read,30 – 60 PPM (mg/L CaCO3),Naturally Soft
Guide Article,https://waterhardness.uk/guides/yorkshire-water-hardness,/guides/yorkshire-water-hardness,yorkshire-water-hardness,Yorkshire Water: Is Water Hard or Soft? (Leeds vs Hull PPM),Regional Hardness,"LS1, S1, BD1, HU1, YO1",2025-02-12T08:00:00Z,2026-10-04T08:00:00Z,6 min read,60 – 350+ PPM (Countywide Variance),"Soft in West, Very Hard in East"
Guide Article,https://waterhardness.uk/guides/water-hardness-in-norfolk-and-suffolk,/guides/water-hardness-in-norfolk-and-suffolk,water-hardness-in-norfolk-and-suffolk,Is Norfolk Water Hard? (Very Hard - 300-360 PPM),Regional Hardness,"NR1, IP1, PE1, NR14, IP33",2025-02-10T08:00:00Z,2026-08-16T15:00:00Z,6 min read,300 – 360+ PPM (mg/L CaCO3),Very Hard to Extremely Hard
Guide Article,https://waterhardness.uk/guides/wessex-water-hardness-guide,/guides/wessex-water-hardness-guide,wessex-water-hardness-guide,Is Wessex Water Hard? (Hard - 250-310 PPM Guide),Regional Hardness,"BA1, BA2, BS31, DT1, BH1",2025-02-18T08:00:00Z,2026-08-17T15:00:00Z,6 min read,250 – 310 PPM (mg/L CaCO3),Hard to Very Hard
Guide Article,https://waterhardness.uk/guides/welsh-water-hardness-cardiff-swansea,/guides/welsh-water-hardness-cardiff-swansea,welsh-water-hardness-cardiff-swansea,Is Cardiff Water Hard or Soft? Welsh Water PPM Guide (72 PPM),Regional Hardness,"CF10, CF14, SA1, SA4, NP20",2025-02-15T08:00:00Z,2026-10-09T08:00:00Z,5 min read,30 – 90 PPM (mg/L CaCO3),Naturally Soft to Moderately Soft
Guide Article,https://waterhardness.uk/guides/bosch-dishwasher-salt-settings-uk,/guides/bosch-dishwasher-salt-settings-uk,bosch-dishwasher-salt-settings-uk,Bosch Dishwasher Salt Settings: UK PPM Hardness Guide,Appliance Care,"SW1A, BS1, M1, B1, SO14",2025-01-15T08:00:00Z,2026-08-15T09:00:00Z,7 min read,0 – 400+ PPM (mg/L),Appliance Calibration Standard
Guide Article,https://waterhardness.uk/guides/how-to-prevent-combi-boiler-limescale,/guides/how-to-prevent-combi-boiler-limescale,how-to-prevent-combi-boiler-limescale,How to Prevent Boiler Limescale: UK BS 7593 Guide,Plumbing & Heating,"SW1A, BS1, SO14, ME1, TN1",2025-01-12T08:00:00Z,2026-08-16T11:45:00Z,7 min read,>200 PPM Mandatory Protection,Central Heating Compliance
Guide Article,https://waterhardness.uk/guides/best-kettle-descaling-methods-citric-acid-vs-vinegar,/guides/best-kettle-descaling-methods-citric-acid-vs-vinegar,best-kettle-descaling-methods-citric-acid-vs-vinegar,Best Way to Descale a Kettle: Citric Acid vs Vinegar,Appliance Care,"SW1A, BS1, SE1, OX1, CB1",2025-01-18T08:00:00Z,2026-08-16T10:15:00Z,5 min read,Applies to >150 PPM Areas,Maintenance Protocol
Guide Article,https://waterhardness.uk/guides/washing-machine-hard-water-detergent-dosage,/guides/washing-machine-hard-water-detergent-dosage,washing-machine-hard-water-detergent-dosage,Washing Machine Detergent Dosage for Hard Water (UK),Appliance Care,"SW1A, E1, BS8, OX2, RG1",2025-01-24T08:00:00Z,2026-08-15T12:00:00Z,6 min read,>180 PPM Hard Water,Laundry Appliance Care
Guide Article,https://waterhardness.uk/guides/water-softener-vs-water-conditioner-uk,/guides/water-softener-vs-water-conditioner-uk,water-softener-vs-water-conditioner-uk,Water Softener vs Conditioner: UK Differences & Cost,Plumbing & Heating,"SW1A, BS1, CB1, NN1, AL1",2025-02-01T08:00:00Z,2026-08-16T15:30:00Z,7 min read,180 – 400+ PPM Hard Water,Water Treatment Systems
Guide Article,https://waterhardness.uk/guides/best-shower-filters-for-hard-water-uk,/guides/best-shower-filters-for-hard-water-uk,best-shower-filters-for-hard-water-uk,Do Shower Filters Remove Hard Water? (Truth Revealed),Health & Water Science,"SW1A, BS1, SE1, CB1, OX1",2025-02-04T08:00:00Z,2026-08-16T17:00:00Z,6 min read,0 PPM Reduction (Filters Chlorine Only),Water Science Reality Check
Guide Article,https://waterhardness.uk/guides/does-boiling-water-remove-limescale,/guides/does-boiling-water-remove-limescale,does-boiling-water-remove-limescale,Does Boiling Water Remove Limescale? (Science Facts),Health & Water Science,"SW1A, BS1, EH1, M1, B1",2025-01-08T08:00:00Z,2026-08-16T18:00:00Z,5 min read,Precipitates Temporary Hardness Only,Water Chemistry Science
Guide Article,https://waterhardness.uk/guides/affinity-water-hardness-guide,/guides/affinity-water-hardness-guide,affinity-water-hardness-guide,Is Affinity Water Hard? (Yes - 280-340 PPM Guide),Regional Hardness,"GU21, GU22, AL1, AL3, WD17, LU1, HP1, SG1, CM20",2025-03-01T08:00:00Z,2026-09-18T10:00:00Z,6 min read,280 – 340 PPM (mg/L CaCO3),Hard to Very Hard
Guide Article,https://waterhardness.uk/guides/london-water-hardness-by-postcode,/guides/london-water-hardness-by-postcode,london-water-hardness-by-postcode,London Water Hardness by Postcode: Full PPM Directory,Regional Hardness,"SW1A, EC1A, E20, E1, N1, W1A, SE1, NW1",2025-02-18T08:00:00Z,2026-10-08T08:00:00Z,7 min read,260 – 320 PPM (mg/L CaCO3),Hard to Very Hard
Guide Article,https://waterhardness.uk/guides/severn-trent-water-hardness-guide,/guides/severn-trent-water-hardness-guide,severn-trent-water-hardness-guide,Is Severn Trent Water Hard? (Midlands PPM Guide),Regional Hardness,"B1, CV1, NG1, LE1, DE1, ST1, WR1",2025-02-25T08:00:00Z,2026-09-17T14:15:00Z,6 min read,40 – 320 PPM (Varies dramatically by catchment),Soft to Very Hard
Guide Article,https://waterhardness.uk/guides/beko-dishwasher-salt-settings-uk,/guides/beko-dishwasher-salt-settings-uk,beko-dishwasher-salt-settings-uk,Beko Dishwasher Salt Settings: UK Water Hardness Guide,Appliance Care,UK Wide,2025-03-05T08:00:00Z,2026-09-18T16:45:00Z,5 min read,N/A,Appliance Calibration Matrix
Guide Article,https://waterhardness.uk/guides/does-surrey-have-hard-water,/guides/does-surrey-have-hard-water,does-surrey-have-hard-water,Does Surrey Have Hard Water? (Yes - 280-330 PPM),Regional Hardness,"GU21, GU22, GU1, KT22, KT18, RH1, SM7",2025-03-01T08:00:00Z,2026-09-30T08:00:00Z,6 min read,270 – 330 PPM (mg/L CaCO3),Very Hard Water
Guide Article,https://waterhardness.uk/guides/does-bournemouth-have-hard-water,/guides/does-bournemouth-have-hard-water,does-bournemouth-have-hard-water,Is Bournemouth Water Hard? (Yes - 270 PPM Dorset Guide),Regional Hardness,"BH4, BH16, BH1, BH8, BH15, BH12, BH23",2025-03-01T08:00:00Z,2026-10-05T08:00:00Z,6 min read,240 – 300 PPM (mg/L CaCO3),Hard Water
Guide Article,https://waterhardness.uk/guides/does-leeds-have-hard-water,/guides/does-leeds-have-hard-water,does-leeds-have-hard-water,Is Leeds Water Hard? (Moderately Soft - 120 PPM),Regional Hardness,"LS11, LS1, LS6, LS8, LS12, LS16, LS28",2025-03-01T08:00:00Z,2026-09-21T11:00:00Z,6 min read,80 – 190 PPM (mg/L CaCO3),Moderately Soft to Moderate
Guide Article,https://waterhardness.uk/guides/water-conditioner-vs-water-softener,/guides/water-conditioner-vs-water-softener,water-conditioner-vs-water-softener,Water Conditioner vs Water Softener: Real UK Differences,Plumbing & Heating,"KT22, GU21, SW1A, RG1, BS1",2026-09-22T08:00:00Z,2026-09-22T08:00:00Z,8 min read,180 – 320 PPM (mg/L CaCO3),Treatment System Comparison
Guide Article,https://waterhardness.uk/guides/south-west-water-hardness-exeter-plymouth,/guides/south-west-water-hardness-exeter-plymouth,south-west-water-hardness-exeter-plymouth,"South West Water Hardness by Postcode: Exeter, Plymouth & Devon (PPM)",Regional Hardness,"PL1, EX1, EX4, TQ1, EX14",2026-09-22T08:00:00Z,2026-10-06T08:00:00Z,7 min read,30 – 210 PPM (mg/L CaCO3),Soft to Moderately Hard (Split Region)
Guide Article,https://waterhardness.uk/guides/does-belfast-have-hard-water,/guides/does-belfast-have-hard-water,does-belfast-have-hard-water,Does Belfast Have Hard Water? (Naturally Soft - 68 PPM),Regional Hardness,"BT1, BT2, BT7, BT9, BT15, BT36",2026-09-30T08:00:00Z,2026-09-30T08:00:00Z,6 min read,45 – 92 PPM (mg/L CaCO3),Soft to Moderately Soft
Guide Article,https://waterhardness.uk/guides/indesit-dishwasher-salt-settings-uk,/guides/indesit-dishwasher-salt-settings-uk,indesit-dishwasher-salt-settings-uk,Indesit Dishwasher Salt Settings: UK Water Hardness Chart,Appliance Care,UK Wide,2026-09-30T08:00:00Z,2026-09-30T08:00:00Z,5 min read,0 – 400+ PPM,Universal UK Setting Guide
Guide Article,https://waterhardness.uk/guides/anglian-water-hardness-guide,/guides/anglian-water-hardness-guide,anglian-water-hardness-guide,"Anglian Water Hardness Guide: Postcodes, PPM & Maps",Regional Hardness,"CB1, PE1, NN1, MK9, IP1, NR1, LE15",2026-09-30T08:00:00Z,2026-10-01T08:00:00Z,7 min read,280 – 390+ PPM (mg/L CaCO3),Hard to Exceptionally Hard
Guide Article,https://waterhardness.uk/guides/does-leicester-have-hard-water,/guides/does-leicester-have-hard-water,does-leicester-have-hard-water,Does Leicester Have Hard Water? (Yes - 245 PPM Guide),Regional Hardness,"LE1, LE2, LE3, LE4, LE5, LE18, LE19",2026-10-01T08:00:00Z,2026-10-07T08:00:00Z,6 min read,215 – 280 PPM (mg/L CaCO3),Hard Water
Guide Article,https://waterhardness.uk/guides/does-brighton-have-hard-water,/guides/does-brighton-have-hard-water,does-brighton-have-hard-water,Does Brighton Have Hard Water? (Yes - 285 PPM Guide),Regional Hardness,"BN1, BN2, BN3, BN41, BN42, BN7",2026-10-01T08:00:00Z,2026-10-04T08:00:00Z,6 min read,260 – 310 PPM (mg/L CaCO3),Very Hard Water
Guide Article,https://waterhardness.uk/guides/uk-water-hardness-ppm-scale-chart,/guides/uk-water-hardness-ppm-scale-chart,uk-water-hardness-ppm-scale-chart,UK Water Hardness PPM Scale: Hardness Chart & 280 PPM Guide,Health & Water Science,"SW1A, BS1, BN1, CF10, BT1, LE1",2026-10-05T08:00:00Z,2026-10-05T08:00:00Z,7 min read,0 – 400+ PPM (Official UK Scale),Educational Scientific Scale
Guide Article,https://waterhardness.uk/guides/does-sheffield-have-hard-or-soft-water,/guides/does-sheffield-have-hard-or-soft-water,does-sheffield-have-hard-or-soft-water,Does Sheffield Have Hard or Soft Water? (Soft - 46 PPM Guide),Regional Hardness,"S1, S2, S3, S8, S10, S11, S20",2026-10-06T08:00:00Z,2026-10-06T08:00:00Z,6 min read,36 - 68 PPM (mg/L CaCO3),Soft Water
Guide Article,https://waterhardness.uk/guides/uk-business-water-suppliers-guide,/guides/uk-business-water-suppliers-guide,uk-business-water-suppliers-guide,UK Business Water Suppliers Guide: Compare & Switch Retailers,Plumbing & Heating,"AL1, AL2, AL3, EC1, WC1, E1, W1, SW1",2026-10-07T08:00:00Z,2026-10-07T08:00:00Z,7 min read,Varies by Region (20 - 320 PPM),Deregulated Retail Market
Guide Article,https://waterhardness.uk/guides/does-norwich-have-hard-water,/guides/does-norwich-have-hard-water,does-norwich-have-hard-water,Does Norwich Have Hard Water? (Yes - 320 PPM Guide),Regional Hardness,"NR1, NR2, NR3, NR4, NR5, NR6, NR7, NR8",2026-10-08T08:00:00Z,2026-10-08T08:00:00Z,6 min read,290 - 350 PPM (mg/L CaCO3),Very Hard to Extremely Hard
Guide Article,https://waterhardness.uk/guides/does-stoke-on-trent-have-hard-water,/guides/does-stoke-on-trent-have-hard-water,does-stoke-on-trent-have-hard-water,Does Stoke-on-Trent Have Hard Water? (Moderate - 180 PPM Guide),Regional Hardness,"ST1, ST2, ST3, ST4, ST5, ST6, ST10",2026-10-09T08:00:00Z,2026-10-09T08:00:00Z,6 min read,140 - 210 PPM (mg/L CaCO3),Moderately Hard to Hard
Guide Article,https://waterhardness.uk/guides/does-reading-have-hard-water,/guides/does-reading-have-hard-water,does-reading-have-hard-water,Does Reading Have Hard Water? (Very Hard - 295 PPM Guide),Regional Hardness,"RG1, RG2, RG4, RG6, RG30",2026-10-10T08:00:00Z,2026-10-10T08:00:00Z,7 min read,265 – 320 PPM (mg/L CaCO3),Very Hard Water
Guide Article,https://waterhardness.uk/guides/southern-water-hardness-guide-hampshire,/guides/southern-water-hardness-guide-hampshire,southern-water-hardness-guide-hampshire,Hampshire Water Hardness: Southampton & Portsmouth Guide (295 PPM),Regional Hardness,"SO14, SO15, SO16, PO1, PO2, PO4, PO5",2026-10-10T08:00:00Z,2026-10-10T08:00:00Z,8 min read,260 – 320 PPM (mg/L CaCO3),Very Hard Water
Guide Article,https://waterhardness.uk/guides/does-oxford-have-hard-water,/guides/does-oxford-have-hard-water,does-oxford-have-hard-water,Does Oxford Have Hard Water? (Very Hard - 290 PPM Guide),Regional Hardness,"OX1, OX2, OX3, OX4",2026-10-10T08:00:00Z,2026-10-10T08:00:00Z,7 min read,260 – 320 PPM (mg/L CaCO3),Very Hard Water