Category,URL,Path,Supplier_Name,Slug,Region_Served,Hardness_Category,Typical_PPM_Range,Water_Source,Water_Source_Type,Major_Cities
Water Supplier,https://waterhardness.uk/suppliers/thames-water,/suppliers/thames-water,Thames Water,thames-water,"Greater London, Thames Valley, Surrey & Gloucestershire",Hard Water,260 – 320 PPM (mg/L CaCO3),"70% River Thames & River Lee abstraction, 30% Underground Cretaceous chalk boreholes",mixed_catchment,"London, Reading, Oxford, Swindon, Slough, Guildford, Luton"
Water Supplier,https://waterhardness.uk/suppliers/severn-trent-water,/suppliers/severn-trent-water,Severn Trent Water,severn-trent-water,"West Midlands, East Midlands, Gloucestershire & Mid-Wales",Moderately Hard,40 – 300 PPM (Varies dramatically by region),"Blend of Welsh upland reservoirs (Elan Valley), lowland rivers (Severn & Derwent), and Sherwood sandstone boreholes",mixed_catchment,"Birmingham, Coventry, Nottingham, Leicester, Derby, Stoke-on-Trent, Worcester"
Water Supplier,https://waterhardness.uk/suppliers/anglian-water,/suppliers/anglian-water,Anglian Water,anglian-water,"East Anglia, Bedfordshire, Northamptonshire & Lincolnshire",Very Hard Water,290 – 360+ PPM (mg/L CaCO3),"50% Underground Cretaceous chalk aquifers, 50% Surface reservoirs fed by lowland rivers",chalk_groundwater,"Norwich, Ipswich, Cambridge, Peterborough, Northampton, Milton Keynes, Colchester"
Water Supplier,https://waterhardness.uk/suppliers/united-utilities,/suppliers/united-utilities,United Utilities,united-utilities,"North West England (Greater Manchester, Merseyside, Cheshire, Cumbria, Lancashire)",Soft Water,25 – 65 PPM (mg/L CaCO3),"Upland impounding reservoirs in the Lake District (Thirlmere, Haweswater) and Pennines",surface_reservoir,"Manchester, Liverpool, Preston, Bolton, Warrington, Blackpool, Carlisle"
Water Supplier,https://waterhardness.uk/suppliers/yorkshire-water,/suppliers/yorkshire-water,Yorkshire Water,yorkshire-water,"North, South, West, and East Yorkshire",Moderately Soft,60 – 340 PPM (Split along Magnesian Limestone ridge),Pennine moorland reservoirs (West/South) and deep Cretaceous chalk boreholes (East),mixed_catchment,"Leeds, Sheffield, Bradford, York, Hull, Huddersfield, Harrogate"
Water Supplier,https://waterhardness.uk/suppliers/scottish-water,/suppliers/scottish-water,Scottish Water,scottish-water,Scotland (All 32 Council Areas),Soft Water,15 – 45 PPM (mg/L CaCO3),"Highland lochs, mountain streams, and upland impounding reservoirs (e.g. Loch Katrine)",upland_granite,"Glasgow, Edinburgh, Aberdeen, Dundee, Inverness, Stirling, Perth"
Water Supplier,https://waterhardness.uk/suppliers/welsh-water,/suppliers/welsh-water,Dŵr Cymru Welsh Water,welsh-water,Wales and Herefordshire,Soft Water,25 – 80 PPM (mg/L CaCO3),"Upland mountain reservoirs in the Brecon Beacons, Snowdonia, and Elan Valley",upland_granite,"Cardiff, Swansea, Newport, Wrexham, Bangor, Hereford"
Water Supplier,https://waterhardness.uk/suppliers/south-west-water,/suppliers/south-west-water,South West Water,south-west-water,"Devon, Cornwall, and small parts of Dorset & Somerset (Pennon Group)",Soft Water,30 – 190 PPM (Split between granite moors and East Devon),"Dartmoor and Bodmin Moor granite reservoirs (Burrator, Roadford, Colliford)",upland_granite,"Plymouth, Exeter, Torquay, Truro, Barnstaple, Penzance"
Water Supplier,https://waterhardness.uk/suppliers/southern-water,/suppliers/southern-water,Southern Water,southern-water,"Hampshire, West Sussex, East Sussex, and Kent",Hard Water,260 – 310 PPM (mg/L CaCO3),"70% Deep groundwater chalk boreholes (South Downs & North Downs), 23% Chalk-fed rivers (Test & Itchen)",chalk_groundwater,"Southampton, Brighton, Portsmouth, Winchester, Hastings, Canterbury"
Water Supplier,https://waterhardness.uk/suppliers/wessex-water,/suppliers/wessex-water,Wessex Water,wessex-water,"Bath, Bristol, Somerset, Wiltshire, and Dorset",Very Hard Water,250 – 315 PPM (mg/L CaCO3),75% Groundwater boreholes and springs in Jurassic oolitic limestone and southern chalk,chalk_groundwater,"Bath, Bristol, Dorchester, Salisbury, Bournemouth, Trowbridge, Taunton"
Water Supplier,https://waterhardness.uk/suppliers/affinity-water,/suppliers/affinity-water,Affinity Water,affinity-water,"Central (Herts, Bucks, N London), Southeast (Surrey), and Eastern (Essex)",Very Hard Water,280 – 340 PPM (mg/L CaCO3),"65% Deep underground chalk aquifers (Chiltern Hills and North Downs), 35% River abstraction",chalk_groundwater,"Woking, St Albans, Watford, Luton, Hemel Hempstead, Stevenage, Harlow"
Water Supplier,https://waterhardness.uk/suppliers/south-east-water,/suppliers/south-east-water,South East Water,south-east-water,"Kent, Sussex, Surrey, Hampshire, and Berkshire",Hard Water,260 – 310 PPM (mg/L CaCO3),"75% Groundwater from deep chalk aquifers and greensand strata, 25% River reservoirs",chalk_groundwater,"Maidstone, Basingstoke, Tunbridge Wells, Ashford, Wokingham, Eastbourne"