Category,URL,Path,Page_Type,Name_Title,Notes
Tool,https://waterhardness.uk/tools/dishwasher-salt-calculator,/tools/dishwasher-salt-calculator,Interactive Tool,Dishwasher Salt Setting Calculator,"Official dial calibration for Bosch, Beko, Miele, Samsung & Hotpoint"
Static Core Page,https://waterhardness.uk/,/,Core Landing Page,Homepage (UK Water Hardness Checker),Main search engine and aggregate index
Static Core Page,https://waterhardness.uk/about,/about,Information / Methodology,About & WSZ Methodology,Drinking Water Inspectorate methodology and data verification
Static Core Page,https://waterhardness.uk/contact,/contact,Core Utility Page,Contact Us,Editorial contact and data corrections
Static Core Page,https://waterhardness.uk/privacy,/privacy,Legal Compliance,Privacy Policy,UK GDPR compliance & cookie policy
Static Core Page,https://waterhardness.uk/terms,/terms,Legal Compliance,Terms of Service,Terms of use and disclaimer
Static Core Page,https://waterhardness.uk/outcodes,/outcodes,Regional Directory Hub,All Outcodes Directory,Complete directory of UK postcode districts
Static Core Page,https://waterhardness.uk/cities,/cities,Regional Directory Hub,UK Cities Water Directory,Index of 30 major UK metropolitan hubs
Static Core Page,https://waterhardness.uk/suppliers,/suppliers,Supplier Directory Hub,Water Suppliers Directory,Directory of UK regulated water undertakers
Static Core Page,https://waterhardness.uk/guides,/guides,Content Hub,Editorial Guides & Blog,Complete library of water science and appliance articles
Tool,https://waterhardness.uk/compare,/compare,Interactive Tool,Compare Areas Tool,Side-by-side water hardness comparison tool